model,pathway,scenario,region,variables,unit,2020,2050
image,SSP2-Base,Business As Usual,RER,Share|Biomass|Residues,share,0.4048985710473579,0.5360434144463667
image,SSP2-Base,Business As Usual,RER,Share|Biomass|Wood,share,0.5951014289526421,0.4639565855536332
image,SSP2-Base,Business As Usual,RER,Share|H2|Wood|CCS,share,0.1811747197584049,0.0850420884345749
image,SSP2-Base,Business As Usual,RER,Share|H2|Wood|NoCCS,share,0.0885063588792601,0.223990928116371
image,SSP2-Base,Business As Usual,RER,Share|H2|SteamReforming,share,0.1287709326318874,0.2016971736289678
image,SSP2-Base,Business As Usual,RER,Share|H2|AutothermalReforming,share,0.1179255267428446,0.0768301851547795
image,SSP2-Base,Business As Usual,RER,Share|H2|Coal|CCS,share,0.1810402304747003,0.2405296740767813
image,SSP2-Base,Business As Usual,RER,Share|H2|Coal|NoCCS,share,0.0682025872885808,0.1209860027962201
image,SSP2-Base,Business As Usual,RER,Share|H2|Electrolysis,share,0.2343796442243217,0.0509239477923051
image,SSP2-Base,Business As Usual,RER,Share|Methanol|H2,share,0.7416727190313618,0.2177599936940501
image,SSP2-Base,Business As Usual,RER,Share|Methanol|Biomass,share,0.0828340115605633,0.4213889236608883
image,SSP2-Base,Business As Usual,RER,Share|Methanol|NatGas,share,0.1754932694080748,0.3608510826450615
image,SSP2-Base,Business As Usual,RER,Share|Kerosene|H2,share,0.4209023522056301,0.0131950944239335
image,SSP2-Base,Business As Usual,RER,Share|Kerosene|Methanol,share,0.0411855141356926,0.1957226841649794
image,SSP2-Base,Business As Usual,RER,Share|Kerosene|Biomass,share,0.1888024030446061,0.3185030158735905
image,SSP2-Base,Business As Usual,RER,Share|Kerosene|NatGas,share,0.2370099575108089,0.1142170763341043
image,SSP2-Base,Business As Usual,RER,Share|Kerosene|Oil,share,0.112099773103262,0.3583621292033919
image,SSP2-Base,Business As Usual,RER,Share|Diesel|H2,share,0.0449403267152208,0.3353990333386895
image,SSP2-Base,Business As Usual,RER,Share|Diesel|Methanol,share,0.0801720913051537,0.146839251393571
image,SSP2-Base,Business As Usual,RER,Share|Diesel|Biomass,share,0.2832532058244022,0.0457705916674387
image,SSP2-Base,Business As Usual,RER,Share|Diesel|NatGas,share,0.1537651627834937,0.1294612607558156
image,SSP2-Base,Business As Usual,RER,Share|Diesel|Oil,share,0.4378692133717294,0.342529862844485
image,SSP2-Base,Business As Usual,RER,Share|LiquefiedPetroleumGas|H2,share,0.4588753271331844,0.3358142410184617
image,SSP2-Base,Business As Usual,RER,Share|LiquefiedPetroleumGas|Methanol,share,0.1566127500526736,0.3444670616329793
image,SSP2-Base,Business As Usual,RER,Share|LiquefiedPetroleumGas|NatGas,share,0.019534909940215,0.1618184578711726
image,SSP2-Base,Business As Usual,RER,Share|LiquefiedPetroleumGas|Oil,share,0.3649770128739268,0.1579002394773864
image,SSP2-Base,Business As Usual,CH,Share|Biogas|Biowaste,share,0.4067015550961635,0.1947251489425288
image,SSP2-Base,Business As Usual,CH,Share|Biogas|Sewage,share,0.2895269327326917,0.569692270228204
image,SSP2-Base,Business As Usual,CH,Share|Biogas|Manure,share,0.097635218485416,0.0431757880779104
image,SSP2-Base,Business As Usual,CH,Share|Biogas|Grass,share,0.2061362936857286,0.1924067927513567
image,SSP2-Base,Business As Usual,RER,Share|CO2|DAC|Solvent,share,0.4557961145087363,0.0552447403780832
image,SSP2-Base,Business As Usual,RER,Share|CO2|DAC|Sorbent,share,0.1530331650948312,0.0293474354337694
image,SSP2-Base,Business As Usual,RER,Share|CO2|Cement|Direct,share,0.0145866283353706,0.4917375068778468
image,SSP2-Base,Business As Usual,RER,Share|CO2|Cement|Oxyfuel,share,0.1709370707356674,0.2041248461273727
image,SSP2-Base,Business As Usual,RER,Share|CO2|Cement|Monoethanolamine,share,0.2056470213253945,0.2195454711829278
image,SSP2-Base,Business As Usual,RER,Share|LubricatingOil|H2,share,0.4410666206040315,0.0388499614768675
image,SSP2-Base,Business As Usual,RER,Share|LubricatingOil|NatGas,share,0.244651660266618,0.7724576409499
image,SSP2-Base,Business As Usual,RER,Share|LubricatingOil|Oil,share,0.3142817191293504,0.1886923975732323
image,SSP2-Base,Business As Usual,ES,Share|ElectricityHV|Coal,share,0.0339199969181118,0.0313523825597004
image,SSP2-Base,Business As Usual,ES,Share|ElectricityHV|CombinedCycle,share,0.1463374961688247,0.0287039479686369
image,SSP2-Base,Business As Usual,ES,Share|ElectricityHV|GasTurbine,share,0.1406281534513672,0.179315421478274
image,SSP2-Base,Business As Usual,ES,Share|ElectricityHV|CogenerationGas,share,0.0771079912519348,0.0087376514661509
image,SSP2-Base,Business As Usual,ES,Share|ElectricityHV|Nuclear,share,0.0411740858532001,0.0028133772566471
image,SSP2-Base,Business As Usual,ES,Share|ElectricityHV|Oil,share,0.0583018768512883,0.0359656557165469
image,SSP2-Base,Business As Usual,ES,Share|ElectricityHV|Geothermal,share,0.045562043885311,0.0105253189963679
image,SSP2-Base,Business As Usual,ES,Share|ElectricityHV|HydroRunofRiver,share,0.0007785233624788,0.0062046869890004
image,SSP2-Base,Business As Usual,ES,Share|ElectricityHV|HydroReservoir,share,0.0140838712218042,0.1500300714657597
image,SSP2-Base,Business As Usual,ES,Share|ElectricityHV|Biomass,share,0.0133405240117149,0.0084223423945252
image,SSP2-Base,Business As Usual,ES,Share|ElectricityHV|Biogas,share,0.0969519423390352,0.0013280874717735
image,SSP2-Base,Business As Usual,ES,Share|ElectricityHV|WindOnshore,share,0.0427786977488404,0.1427923920076057
image,SSP2-Base,Business As Usual,ES,Share|ElectricityHV|WindOffshore,share,0.0671484749739796,0.0058422557452113
image,SSP2-Base,Business As Usual,ES,Share|ElectricityHV|SolarThermal,share,0.0284719270134929,0.2215149292823607
image,SSP2-Base,Business As Usual,ES,Share|ElectricityHV|SolarPVOpen,share,0.0702397962012068,0.0170676942742162
image,SSP2-Base,Business As Usual,ES,Share|ElectricityHV|Hydrogen,share,0.0349033472944424,0.1106918949997033
image,SSP2-Base,Business As Usual,ES,Share|ElectricityHV|BatteryHydro,share,0.0322225921219098,0.0197985563152161
image,SSP2-Base,Business As Usual,ES,Share|ElectricityHV|ImportsES,share,0.0,0.0
image,SSP2-Base,Business As Usual,ES,Share|ElectricityHV|ImportsBG,share,0.029162766795619,0.0088735296753606
image,SSP2-Base,Business As Usual,ES,Share|ElectricityHV|ImportsSE,share,0.0,0.0
image,SSP2-Base,Business As Usual,ES,Share|ElectricityHV|ImportsAT,share,0.0,0.0
image,SSP2-Base,Business As Usual,ES,Share|ElectricityHV|ImportsMK,share,0.0,0.0
image,SSP2-Base,Business As Usual,ES,Share|ElectricityHV|ImportsMD,share,0.0,0.0
image,SSP2-Base,Business As Usual,ES,Share|ElectricityHV|ImportsHR,share,0.0,0.0
image,SSP2-Base,Business As Usual,ES,Share|ElectricityHV|ImportsXK,share,0.0,0.0
image,SSP2-Base,Business As Usual,ES,Share|ElectricityHV|ImportsLU,share,0.0,0.0
image,SSP2-Base,Business As Usual,ES,Share|ElectricityHV|ImportsGR,share,0.0,0.0
image,SSP2-Base,Business As Usual,ES,Share|ElectricityHV|ImportsIS,share,0.0,0.0
image,SSP2-Base,Business As Usual,ES,Share|ElectricityHV|ImportsBA,share,0.0,0.0
image,SSP2-Base,Business As Usual,ES,Share|ElectricityHV|ImportsEE,share,0.0,0.0
image,SSP2-Base,Business As Usual,ES,Share|ElectricityHV|ImportsSK,share,0.0167741596622404,0.0088334925368242
image,SSP2-Base,Business As Usual,ES,Share|ElectricityHV|ImportsME,share,0.0,0.0
image,SSP2-Base,Business As Usual,ES,Share|ElectricityHV|ImportsLT,share,0.0,0.0
image,SSP2-Base,Business As Usual,ES,Share|ElectricityHV|ImportsSI,share,0.0,0.0
image,SSP2-Base,Business As Usual,ES,Share|ElectricityHV|ImportsIE,share,0.0,0.0
image,SSP2-Base,Business As Usual,ES,Share|ElectricityHV|ImportsBE,share,0.010111732873197,0.0011863114001181
image,SSP2-Base,Business As Usual,ES,Share|ElectricityHV|ImportsRS,share,0.0,0.0
image,SSP2-Base,Business As Usual,ES,Share|ElectricityHV|ImportsRO,share,0.0,0.0
image,SSP2-Base,Business As Usual,ES,Share|ElectricityHV|ImportsNL,share,0.0,0.0
image,SSP2-Base,Business As Usual,ES,Share|ElectricityHV|ImportsUA,share,0.0,0.0
image,SSP2-Base,Business As Usual,ES,Share|ElectricityHV|ImportsPL,share,0.0,0.0
image,SSP2-Base,Business As Usual,ES,Share|ElectricityHV|ImportsFR,share,0.0,0.0
image,SSP2-Base,Business As Usual,ES,Share|ElectricityHV|ImportsGB,share,0.0,0.0
image,SSP2-Base,Business As Usual,ES,Share|ElectricityHV|ImportsNO,share,0.0,0.0
image,SSP2-Base,Business As Usual,ES,Share|ElectricityHV|ImportsCZ,share,0.0,0.0
image,SSP2-Base,Business As Usual,ES,Share|ElectricityHV|ImportsMT,share,0.0,0.0
image,SSP2-Base,Business As Usual,ES,Share|ElectricityHV|ImportsDK,share,0.0,0.0
image,SSP2-Base,Business As Usual,ES,Share|ElectricityHV|ImportsIT,share,0.0,0.0
image,SSP2-Base,Business As Usual,ES,Share|ElectricityHV|ImportsLV,share,0.0,0.0
image,SSP2-Base,Business As Usual,ES,Share|ElectricityHV|ImportsDE,share,0.0,0.0
image,SSP2-Base,Business As Usual,ES,Share|ElectricityHV|ImportsPT,share,0.0,0.0
image,SSP2-Base,Business As Usual,ES,Share|ElectricityHV|ImportsFI,share,0.0,0.0
image,SSP2-Base,Business As Usual,ES,Share|ElectricityHV|ImportsBY,share,0.0,0.0
image,SSP2-Base,Business As Usual,ES,Share|ElectricityHV|ImportsGI,share,0.0,0.0
image,SSP2-Base,Business As Usual,ES,Share|ElectricityHV|ImportsAL,share,0.0,0.0
image,SSP2-Base,Business As Usual,ES,Share|ElectricityHV|ImportsHU,share,0.0,0.0
image,SSP2-Base,Business As Usual,ES,Share|ElectricityHV|ImportsCH,share,0.0,0.0
image,SSP2-Base,Business As Usual,ES,Share|ElectricityHV|ImportsRU,share,0.0,0.0
image,SSP2-Base,Business As Usual,ES,Share|ElectricityHV|ImportsTR,share,0.0,0.0
image,SSP2-Base,Business As Usual,ES,Share|ElectricityHV|ImportsMA,share,0.0,0.0
image,SSP2-Base,Business As Usual,ES,Share|ElectricityMV|TransformationHVMV,share,0.4714166557333079,0.3160621089850595
image,SSP2-Base,Business As Usual,ES,Share|ElectricityMV|SolarPVRoofCommercial,share,0.2784838700342556,0.3892237571512575
image,SSP2-Base,Business As Usual,ES,Share|ElectricityMV|Waste,share,0.2500994742324365,0.2947141338636829
image,SSP2-Base,Business As Usual,ES,Share|ElectricityLV|TransformationMVLV,share,0.4362075135291419,0.6680942771605723
image,SSP2-Base,Business As Usual,ES,Share|ElectricityLV|BatteryChemical,share,0.1871188120502512,0.0834537382045923
image,SSP2-Base,Business As Usual,ES,Share|ElectricityLV|SolarPVRoofResidential,share,0.3766736744206069,0.2484519846348353
image,SSP2-Base,Business As Usual,ES,Share|Methane|Membrane,share,0.2480611670192952,0.1601863602479471
image,SSP2-Base,Business As Usual,ES,Share|Methane|AminoWashing,share,0.393219282820629,0.5579323972677688
image,SSP2-Base,Business As Usual,ES,Share|Methane|AmineScrubbing,share,0.056390478219018,0.1755095505883297
image,SSP2-Base,Business As Usual,ES,Share|Methane|Swing,share,0.0767484708411879,0.0025191229989031
image,SSP2-Base,Business As Usual,ES,Share|Methane|SabatierBiological,share,0.2107837073089502,0.0449706789791641
image,SSP2-Base,Business As Usual,ES,Share|Methane|SabatierElectrochemical,share,0.0147968937909195,0.0588818899178869
image,SSP2-Base,Business As Usual,ES,Share|Methane|FossilOnshore,share,0.2,0.2
image,SSP2-Base,Business As Usual,ES,Share|Methane|FossilOffshore,share,0.1,0.1
image,SSP2-Base,Business As Usual,ES,Share|Methane|ImportGB,share,0.0,0.0
image,SSP2-Base,Business As Usual,ES,Share|Methane|ImportDE,share,0.0,0.0
image,SSP2-Base,Business As Usual,ES,Share|Methane|ImportIT,share,0.0,0.0
image,SSP2-Base,Business As Usual,ES,Share|Methane|ImportFR,share,0.0,0.0
image,SSP2-Base,Business As Usual,ES,Share|Methane|ImportFI,share,0.0,0.0
image,SSP2-Base,Business As Usual,ES,Share|Methane|ImportQA,share,0.06,0.06
image,SSP2-Base,Business As Usual,ES,Share|Methane|ImportNO,share,0.15,0.15
image,SSP2-Base,Business As Usual,ES,Share|Methane|ImportBE,share,0.0,0.0
image,SSP2-Base,Business As Usual,ES,Share|Methane|ImportLY,share,0.0,0.0
image,SSP2-Base,Business As Usual,ES,Share|Methane|ImportRU,share,0.2,0.2
image,SSP2-Base,Business As Usual,ES,Share|Methane|ImportDZ,share,0.06,0.06
image,SSP2-Base,Business As Usual,ES,Share|Methane|ImportNL,share,0.1,0.1
image,SSP2-Base,Business As Usual,ES,Share|Methane|ImportTR,share,0.02,0.02
image,SSP2-Base,Business As Usual,ES,Share|Methane|ImportUS,share,0.08,0.08
image,SSP2-Base,Business As Usual,ES,Share|Methane|ImportNG,share,0.03,0.03
